{
  "lr": {
    "acc": 0.7549148099606815,
    "params": {
      "C": 10,
      "max_iter": 500,
      "solver": "lbfgs"
    },
    "report": {
      "High": {
        "precision": 0.8723404255319149,
        "recall": 0.8723404255319149,
        "f1-score": 0.8723404255319149,
        "support": 658.0
      },
      "Low": {
        "precision": 0.7053571428571429,
        "recall": 0.6810344827586207,
        "f1-score": 0.6929824561403509,
        "support": 348.0
      },
      "Medium": {
        "precision": 0.6409774436090225,
        "recall": 0.6557692307692308,
        "f1-score": 0.6482889733840305,
        "support": 520.0
      },
      "accuracy": 0.7549148099606815,
      "macro avg": {
        "precision": 0.7395583373326934,
        "recall": 0.7363813796865887,
        "f1-score": 0.7378706183520988,
        "support": 1526.0
      },
      "weighted avg": {
        "precision": 0.7554210723400901,
        "recall": 0.7549148099606815,
        "f1-score": 0.7550905379400642,
        "support": 1526.0
      }
    }
  },
  "rf": {
    "acc": 0.9560943643512451,
    "params": {
      "max_depth": 15,
      "min_samples_split": 2,
      "n_estimators": 100
    },
    "report": {
      "High": {
        "precision": 0.9667170953101362,
        "recall": 0.9711246200607903,
        "f1-score": 0.9689158453373768,
        "support": 658.0
      },
      "Low": {
        "precision": 0.967930029154519,
        "recall": 0.9540229885057471,
        "f1-score": 0.9609261939218524,
        "support": 348.0
      },
      "Medium": {
        "precision": 0.9348659003831418,
        "recall": 0.9384615384615385,
        "f1-score": 0.9366602687140115,
        "support": 520.0
      },
      "accuracy": 0.9560943643512451,
      "macro avg": {
        "precision": 0.9565043416159322,
        "recall": 0.9545363823426919,
        "f1-score": 0.9555007693244136,
        "support": 1526.0
      },
      "weighted avg": {
        "precision": 0.9561400832628283,
        "recall": 0.9560943643512451,
        "f1-score": 0.9561024124823622,
        "support": 1526.0
      }
    }
  }
}